day,month,year,Classes
1,6,2012,not fire
2,6,2012,not fire
3,6,2012,not fire
4,6,2012,not fire
5,6,2012,not fire
6,6,2012,fire
7,6,2012,fire
8,6,2012,fire
9,6,2012,not fire
10,6,2012,not fire
11,6,2012,fire
12,6,2012,fire
13,6,2012,not fire
14,6,2012,not fire
15,6,2012,not fire
16,6,2012,not fire
17,6,2012,not fire
18,6,2012,not fire
19,6,2012,not fire
20,6,2012,not fire
21,6,2012,not fire
22,6,2012,not fire
23,6,2012,fire
24,6,2012,fire
25,6,2012,fire
26,6,2012,fire
27,6,2012,fire
28,6,2012,fire
29,6,2012,not fire
30,6,2012,fire
1,7,2012,not fire
2,7,2012,not fire
3,7,2012,not fire
4,7,2012,not fire
5,7,2012,fire
6,7,2012,fire
7,7,2012,not fire
8,7,2012,fire
9,7,2012,not fire
10,7,2012,not fire
11,7,2012,not fire
12,7,2012,not fire
13,7,2012,fire
14,7,2012,not fire
15,7,2012,not fire
16,7,2012,not fire
17,7,2012,fire
18,7,2012,fire
19,7,2012,fire
20,7,2012,fire
21,7,2012,fire
22,7,2012,not fire
23,7,2012,not fire
24,7,2012,not fire
25,7,2012,fire
26,7,2012,fire
27,7,2012,fire
28,7,2012,fire
29,7,2012,fire
30,7,2012,fire
31,7,2012,fire
1,8,2012,not fire
2,8,2012,not fire
3,8,2012,not fire
4,8,2012,fire
5,8,2012,fire
6,8,2012,fire
7,8,2012,fire
8,8,2012,not fire
9,8,2012,fire
10,8,2012,fire
11,8,2012,fire
12,8,2012,not fire
13,8,2012,fire
14,8,2012,fire
15,8,2012,fire
16,8,2012,fire
17,8,2012,fire
18,8,2012,fire
19,8,2012,fire
20,8,2012,fire
21,8,2012,fire
22,8,2012,fire
23,8,2012,fire
24,8,2012,fire
25,8,2012,fire
26,8,2012,fire
27,8,2012,fire
28,8,2012,fire
29,8,2012,fire
30,8,2012,not fire
31,8,2012,not fire
1,9,2012,not fire
2,9,2012,not fire
3,9,2012,not fire
4,9,2012,not fire
5,9,2012,not fire
6,9,2012,not fire
7,9,2012,not fire
8,9,2012,not fire
9,9,2012,not fire
10,9,2012,not fire
11,9,2012,not fire
12,9,2012,not fire
13,9,2012,not fire
14,9,2012,not fire
15,9,2012,not fire
16,9,2012,not fire
17,9,2012,fire
18,9,2012,fire
19,9,2012,fire
20,9,2012,fire
21,9,2012,fire
22,9,2012,not fire
23,9,2012,not fire
24,9,2012,not fire
25,9,2012,not fire
26,9,2012,not fire
27,9,2012,fire
28,9,2012,not fire
29,9,2012,not fire
30,9,2012,not fire
1,6,2012,not fire
2,6,2012,not fire
3,6,2012,not fire
4,6,2012,not fire
5,6,2012,not fire
6,6,2012,fire
7,6,2012,fire
8,6,2012,not fire
9,6,2012,not fire
10,6,2012,fire
11,6,2012,fire
12,6,2012,fire
13,6,2012,not fire
14,6,2012,not fire
15,6,2012,not fire
16,6,2012,not fire
17,6,2012,not fire
18,6,2012,not fire
19,6,2012,not fire
20,6,2012,not fire
21,6,2012,fire
22,6,2012,not fire
23,6,2012,not fire
24,6,2012,fire
25,6,2012,fire
26,6,2012,fire
27,6,2012,fire
28,6,2012,fire
29,6,2012,fire
30,6,2012,not fire
1,7,2012,not fire
2,7,2012,fire
3,7,2012,fire
4,7,2012,fire
5,7,2012,fire
6,7,2012,fire
7,7,2012,fire
8,7,2012,fire
9,7,2012,fire
10,7,2012,not fire
11,7,2012,not fire
12,7,2012,fire
13,7,2012,fire
15,7,2012,fire
16,7,2012,fire
17,7,2012,fire
18,7,2012,fire
19,7,2012,fire
20,7,2012,fire
21,7,2012,fire
22,7,2012,fire
23,7,2012,fire
24,7,2012,not fire
25,7,2012,not fire
26,7,2012,not fire
27,7,2012,not fire
28,7,2012,fire
29,7,2012,fire
30,7,2012,fire
31,7,2012,fire
1,8,2012,not fire
2,8,2012,fire
3,8,2012,fire
4,8,2012,fire
5,8,2012,fire
6,8,2012,not fire
7,8,2012,not fire
8,8,2012,fire
9,8,2012,fire
10,8,2012,fire
11,8,2012,fire
12,8,2012,fire
13,8,2012,fire
14,8,2012,fire
15,8,2012,fire
16,8,2012,fire
17,8,2012,fire
18,8,2012,fire
19,8,2012,fire
20,8,2012,fire
21,8,2012,fire
22,8,2012,fire
23,8,2012,fire
24,8,2012,fire
25,8,2012,fire
26,8,2012,fire
27,8,2012,fire
28,8,2012,not fire
29,8,2012,fire
30,8,2012,fire
31,8,2012,fire
1,9,2012,not fire
2,9,2012,not fire
3,9,2012,fire
4,9,2012,not fire
5,9,2012,not fire
6,9,2012,not fire
7,9,2012,fire
8,9,2012,fire
9,9,2012,fire
10,9,2012,not fire
11,9,2012,not fire
12,9,2012,fire
13,9,2012,fire
14,9,2012,fire
15,9,2012,fire
16,9,2012,fire
17,9,2012,fire
18,9,2012,fire
19,9,2012,fire
20,9,2012,not fire
21,9,2012,fire
22,9,2012,fire
23,9,2012,fire
24,9,2012,not fire
25,9,2012,not fire
26,9,2012,fire
27,9,2012,not fire
28,9,2012,not fire
29,9,2012,not fire
30,9,2012,not fire
